{
  "Learning_H2D_Baseline": {
    "brisque": {
      "mean": 32.097814443160075,
      "std": 10.521591696204968,
      "min": 5.16082763671875,
      "max": 60.36541748046875,
      "count": 196
    },
    "musiq": {
      "mean": 51.313253461098185,
      "std": 11.374032136449694,
      "min": 25.18869400024414,
      "max": 73.62277221679688,
      "count": 196
    },
    "clipiqa": {
      "mean": 0.3601823992723105,
      "std": 0.10897033180346336,
      "min": 0.14090187847614288,
      "max": 0.6822323203086853,
      "count": 196
    },
    "liqe": {
      "mean": 1.8874546690863006,
      "std": 0.9132286409927054,
      "min": 1.0001484155654907,
      "max": 4.959975242614746,
      "count": 196
    },
    "maniqa": {
      "mean": 0.24657366804930628,
      "std": 0.06256837305012597,
      "min": 0.11494915187358856,
      "max": 0.5478281378746033,
      "count": 196
    },
    "qalign": {
      "mean": 3.153157974737892,
      "std": 0.2516759839043563,
      "min": 2.535875865742806,
      "max": 3.936026682566561,
      "count": 196
    },
    "fade": {
      "mean": 1.9875578278958572,
      "std": 0.19547764322581757,
      "min": 1.5583026884507416,
      "max": 2.7076441629241113,
      "count": 196
    }
  }
}