{
  "Learning_H2D_Stage2": {
    "brisque": {
      "mean": 14.837110017475329,
      "std": 10.923582458170218,
      "min": -21.24395751953125,
      "max": 85.96014404296875,
      "count": 4256
    },
    "musiq": {
      "mean": 64.47029627310603,
      "std": 7.327996044430494,
      "min": 17.961692810058594,
      "max": 78.5257797241211,
      "count": 4256
    },
    "clipiqa": {
      "mean": 0.46890788619525564,
      "std": 0.1341767796288264,
      "min": 0.11802830547094345,
      "max": 0.8362674713134766,
      "count": 4256
    },
    "liqe": {
      "mean": 3.152187840550914,
      "std": 0.9504481900151494,
      "min": 1.0029113292694092,
      "max": 4.999488830566406,
      "count": 4256
    },
    "maniqa": {
      "mean": 0.38286575411719487,
      "std": 0.07654440061042153,
      "min": 0.07913704216480255,
      "max": 0.688262939453125,
      "count": 4256
    },
    "qalign": {
      "mean": 3.171530167776436,
      "std": 0.3026495842037564,
      "min": 2.1437959192448077,
      "max": 4.3090244613555075,
      "count": 4256
    },
    "fade": {
      "mean": 1.9931527657810932,
      "std": 0.24298457972148138,
      "min": 1.196742209621692,
      "max": 2.9867474046368825,
      "count": 4256
    }
  }
}