{
  "HCD_YC_ISR": {
    "brisque": {
      "mean": 29.993037587588596,
      "std": 13.162802011069962,
      "min": -9.72491455078125,
      "max": 66.52899169921875,
      "count": 194
    },
    "musiq": {
      "mean": 58.661593358541275,
      "std": 10.589823135085748,
      "min": 26.147010803222656,
      "max": 77.91197967529297,
      "count": 194
    },
    "clipiqa": {
      "mean": 0.4246247832461731,
      "std": 0.12862609342984208,
      "min": 0.16507717967033386,
      "max": 0.8057579398155212,
      "count": 194
    },
    "liqe": {
      "mean": 2.420080250071496,
      "std": 1.0681815497419647,
      "min": 1.0009633302688599,
      "max": 4.9876298904418945,
      "count": 194
    },
    "maniqa": {
      "mean": 0.32191800360673484,
      "std": 0.08630166329899634,
      "min": 0.08919136226177216,
      "max": 0.5578089952468872,
      "count": 194
    },
    "qalign": {
      "mean": 3.2172876738097456,
      "std": 0.33808853364379,
      "min": 2.3797475849490075,
      "max": 4.056777759303252,
      "count": 194
    },
    "fade": {
      "mean": 1.8553687146556356,
      "std": 0.2421612341751098,
      "min": 1.4116496189435324,
      "max": 2.7820094172461524,
      "count": 194
    }
  }
}